input_prompt,output_answer
What certifications does this individual hold in the field of data analysis and AI?," The individual holds the following certifications in the field of data analysis and AI: Certified Associate Data Analyst, SQL [Advanced] - Hackerank, Generative AI at SAP, ML for Business professionals using No-Code AI tools, Python [Basic] - Hackerank, and Generative AI Fundamentals - Databricks."
What tool was used to manage comprehensive data analysis and predictive modeling?, Azure Designer was used to manage comprehensive data analysis and predictive modeling.
What position does Shyam Sundar currently hold at USEReady?, Shyam Sundar currently holds the position of Machine Learning Engineer Intern at USEReady.
,
,
,
,
,
,
,
,
,
,
,
,
,
